archetype #,Feature Name,P value (Hypergeom.),Significant after Benjamini-Hochberg correction?,P maximal
2,10 08 2020: N,1.7264e-13,1,0.99977
2,NEW 10 2020: N,4.9325e-10,1,0.95212
3,subtype: A2,4.9325e-10,1,0.88995
3,10 08 2020: A2,1.6489e-09,1,0.75983
3,NEW 10 2020: A2,2.8855e-09,1,0.75937
4,NEW 10 2020: A,6.6081e-06,1,0.70492
